listener_id,listener_name,listener_type,status
1,listener_001,TCP,inactive
2,listener_002,TCP,pending
3,listener_003,HTTP,inactive
4,listener_004,TCP,active
5,listener_005,UDP,inactive
6,listener_006,UDP,inactive
7,listener_007,UDP,inactive
8,listener_008,UDP,active
9,listener_009,UDP,pending
10,listener_010,HTTP,active
11,listener_011,UDP,active
12,listener_012,UDP,active
13,listener_013,HTTP,active
14,listener_014,HTTP,active
15,listener_015,UDP,active
16,listener_016,UDP,inactive
17,listener_017,TCP,inactive
18,listener_018,TCP,pending
19,listener_019,HTTP,active
20,listener_020,UDP,pending
21,listener_021,HTTP,active
22,listener_022,UDP,pending
23,listener_023,TCP,active
24,listener_024,HTTP,inactive
25,listener_025,TCP,active
26,listener_026,HTTP,active
27,listener_027,HTTP,pending
28,listener_028,HTTP,active
29,listener_029,TCP,inactive
30,listener_030,UDP,inactive
31,listener_031,HTTP,inactive
32,listener_032,TCP,active
33,listener_033,HTTP,pending
34,listener_034,UDP,inactive
35,listener_035,UDP,inactive
36,listener_036,UDP,active
37,listener_037,UDP,pending
38,listener_038,UDP,active
39,listener_039,TCP,inactive
40,listener_040,UDP,inactive
41,listener_041,HTTP,inactive
42,listener_042,TCP,pending
43,listener_043,HTTP,inactive
44,listener_044,TCP,inactive
45,listener_045,TCP,active
46,listener_046,TCP,active
47,listener_047,TCP,active
48,listener_048,UDP,inactive
49,listener_049,HTTP,active
50,listener_050,HTTP,inactive
51,listener_051,UDP,inactive
52,listener_052,TCP,active
53,listener_053,HTTP,inactive
54,listener_054,UDP,inactive
55,listener_055,HTTP,active
56,listener_056,UDP,pending
57,listener_057,HTTP,inactive
58,listener_058,HTTP,inactive
59,listener_059,TCP,inactive
60,listener_060,HTTP,active
61,listener_061,UDP,inactive
62,listener_062,TCP,inactive
63,listener_063,UDP,active
64,listener_064,UDP,pending
65,listener_065,TCP,inactive
66,listener_066,HTTP,active
67,listener_067,TCP,active
68,listener_068,TCP,pending
69,listener_069,HTTP,inactive
70,listener_070,HTTP,inactive
71,listener_071,TCP,inactive
72,listener_072,TCP,active
73,listener_073,TCP,pending
74,listener_074,TCP,active
75,listener_075,TCP,active
76,listener_076,HTTP,pending
77,listener_077,HTTP,inactive
78,listener_078,UDP,pending
79,listener_079,HTTP,pending
80,listener_080,HTTP,inactive
81,listener_081,HTTP,pending
82,listener_082,TCP,active
83,listener_083,TCP,pending
84,listener_084,UDP,pending
85,listener_085,TCP,pending
86,listener_086,HTTP,active
87,listener_087,UDP,active
88,listener_088,UDP,active
89,listener_089,HTTP,active
90,listener_090,TCP,inactive
91,listener_091,TCP,pending
92,listener_092,UDP,inactive
93,listener_093,UDP,active
94,listener_094,HTTP,inactive
95,listener_095,TCP,inactive
96,listener_096,UDP,active
97,listener_097,HTTP,inactive
98,listener_098,UDP,inactive
99,listener_099,UDP,pending
100,listener_100,TCP,inactive
